[
  {
    "id": 1723222386273,
    "filename": "1723222386258.jpg",
    "description": "hera cantik",
    "uploadDate": "2024-08-10 00:53:06"
  },
  {
    "id": 1723223813325,
    "filename": "1723223813306.jpg",
    "description": "cantik banget ya Allah",
    "uploadDate": "2024-08-10 01:16:53"
  },
  {
    "id": 1723225178731,
    "filename": "1723225178721.jpg",
    "description": "cemberut tapi tetap cantik, Damn I love her so much",
    "uploadDate": "2024-08-10 01:39:38"
  },
  {
    "id": 1723227715739,
    "filename": "1723227715730.jpg",
    "description": "ngopi",
    "uploadDate": "2024-08-10 02:21:55"
  },
  {
    "id": 1723227734325,
    "filename": "1723227734313.jpg",
    "description": "ngelab lagi",
    "uploadDate": "2024-08-10 02:22:14"
  },
  {
    "id": 1723227750945,
    "filename": "1723227750936.jpg",
    "description": "kuliah",
    "uploadDate": "2024-08-10 02:22:30"
  },
  {
    "id": 1723227764787,
    "filename": "1723227764771.jpg",
    "description": "imutttt",
    "uploadDate": "2024-08-10 02:22:44"
  },
  {
    "id": 1723227786347,
    "filename": "1723227786337.jpg",
    "description": "capek :'(",
    "uploadDate": "2024-08-10 02:23:06"
  },
  {
    "id": 1723227799959,
    "filename": "1723227799951.jpg",
    "description": "cantik lagii",
    "uploadDate": "2024-08-10 02:23:19"
  },
  {
    "id": 1723227827794,
    "filename": "1723227827675.jpg",
    "description": "cantikkkk terusss",
    "uploadDate": "2024-08-10 02:23:47"
  },
  {
    "id": 1723227849420,
    "filename": "1723227849409.jpg",
    "description": "bengkak matanya :\"",
    "uploadDate": "2024-08-10 02:24:09"
  }
]